{
    "platformlist": [
        {
            "name": "CCTV直播",
            "icon": "",
            "url": "http://tv.cctv.com/live/cctv5/"
        }
        ,
        {
            "name": "爱奇艺",
            "icon": "爱奇艺",
            "canvip": 1,
            "url": "http://www.iqiyi.com/"
        },
        {
            "name": "腾讯视频",
            "icon": "腾讯",
            "canvip": 1,
            "url": "https://v.qq.com/"
        },{
            "name": "芒果",
            "icon": "芒果",
            "canvip": 1,
            "url": "https://www.mgtv.com/"
        }, {
            "name": "优酷",
            "icon": "优酷",
            "canvip": 1,
            "url": "https://www.youku.com/"
        }
        , {
            "name": "bilibili",
            "icon": "bilibili",
            "canvip": 0,
            "url": "https://www.bilibili.com/"
        }, {
            "name": "黑猫动漫",
            "icon": "黑猫动漫",
            "url": "https://www.heimao.tv/"
        }, {
            "name": "美剧网",
            "icon": "美剧网",
            "url": "https://91mjw.com/"
        },
        {
            "name": "黑鹰",
            "icon": "黑鹰",
            "url": "https://www.heiyingcn.com/"
        },
        {
            "name": "电影天堂",
            "icon": "电影天堂",
            "url": "http://btbtdy1.com/"
        }, {
            "name": "新视觉影院",
            "icon": "4080",
            "url": "http://www.yy3080.com/"
        }, {
            "name": "第一影院",
            "icon": "4080",
            "url": "http://www.d1dy.com/"
        },{
            "name": "音乐破解",
            "icon": "",
            "url": "https://music.sonimei.cn/"
        }
        , {
            "name": "历史记录",
            "icon": "",
            "url": "history"
        }
        , {
            "name": "更新日志",
            "icon": "",
            "url": "https://github.com/iodefog/VipVideo/blob/master/README.md"
        }
    ],
    
    "list": [
        {
            "name": "原地址-（提示：本软件免费无广告,不要花钱购买）",
            "url": ""
        },
        {
            "name": "1223-1",
            "url": "http://v.d9y.net/vip/?url="
        },
        {
            "name": "1223-2",
            "url": "http://mimijiexi.top/?url="
        },
        {
            "name": "1223-3",
            "url": "http://55jx.top/?url="
        },
        {
            "name": "1223-4",
            "url": "http://playx.top/?url="
        },
        {
            "name": "1223-5",
            "url": "http://nitian9.com/?url="
        },
        {
            "name": "1223-6",
            "url": "http://19g.top/?url="
        },
        {
            "name": "1223-7",
            "url": "http://52088.online/?url="
        },
        
        
        {
            "name": "5月-21",
            "url": "http://jiexi.071811.cc/jx2.php?url="
        },
        {
            "name": "9月-2",
            "url": "http://jqaaa.com/jx.php?url="
        },
        {
            "name": "5月-4",
            "url": "http://beaacc.com/api.php?url="
        },
        {
            "name": "4.21-4",
            "url": "http://www.82190555.com/index.php?url="
        },
        {
            "name":"4.21-6",
            "url":"http://www.85105052.com/admin.php?url="
        },
        {
            "name": "5月-23",
            "url": "http://api.baiyug.cn/vip/index.php?url="
        },
        {
            "name": "4.21-3-慢",
            "url": "https://yooomm.com/index.php?url="
        },
        {
            "name": "5月-24",
            "url": "http://www.82190555.com/index/qqvod.php?url="
        },
        {
            "name":"1",
            "url":"http://17kyun.com/api.php?url="
        },
        {
            "name":"品优解析-可播但广告",
            "url":"http://api.pucms.com/xnflv/?url="
        },
        {
            "name": "5月-1",
            "url": "http://www.82190555.com/index/qqvod.php?url="
        },
        {
            "name": "腾讯可用，金桥解析",
            "url": "http://jqaaa.com/jx.php?url="
        },
        {
            "name":"速度牛",
            "url":"http://api.wlzhan.com/sudu/?url="
        },
        {
            "name": "万能接口6",
            "url": "http://wwwhe1.177kdy.cn/4.php?pass=1&url="
        },
        {
            "name": "花园影视（可能无效）",
            "url": "http://j.zz22x.com/jx/?url="
        },
        {
            "name": "9月-1",
            "url": "http://api.ledboke.com/?url="
        },
        
        
        {
            "name": "-----分割线（以下接口可能无效-----",
            "url": ""
        },
        
        
        {
            "name": "4.21-5",
            "url": "http://jiexi.92fz.cn/player/vip.php?url="
        },
        {
            "name": "万能接口3---",
            "url": "http://vip.jlsprh.com/index.php?url="
        },
        
        {
            "name":"6",
            "url":"http://014670.cn/jx/ty.php?url="
        },
        {
            "name":"10",
            "url":"http://7cyd.com/vip/?url="
        },
        {
            "name": "5月-25",
            "url": "http://2gty.com/apiurl/yun.php?url="
        },
        {
            "name": "5月-26",
            "url": "http://v.2gty.com/apiurl/yun.php?url="
        },
        
        {
            "name": "百域阁视频",
            "url": "http://api.baiyug.cn/vip/index.php?url="
        },
        {
            "name":"无名小站",
            "url":"http://www.82190555.com/index/qqvod.php?url="
        },
        {
            "name": "万能接口5(腾讯好使)",
            "url": "http://jx.vgoodapi.com/jx.php?url="
        },
        {
            "name": "5月-14-以下不可播",
            "url": "http://api.xyingyu.com/?url="
        },
        {
            "name": "5月-15-XX",
            "url": "http://api.greatchina56.com/?url="
        },
        {
            "name": "5月-16",
            "url": "http://api.baiyug.vip/index.php?url="
        },
        {
            "name": "5月-17",
            "url": "http://api.visaok.net/?url="
        },
        {
            "name": "5月-18",
            "url": "http://jx.618g.com/?url="
        },
        {
            "name": "5月-20",
            "url": "hhttp://api.baiyug.cn/vip/?url="
        },
        
        {
            "name": "花园影视1",
            "url": "http://j.88gc.net/jx/?url="
        },
        {
            "name": "5月-6",
            "url": "http://api.lvcha2017.cn/?url="
        },
        {
            "name":"爱跟影院",
            "url":"http://2gty.com/apiurl/yun.php?url="
        },
        {
            "name":"六六视频",
            "url":"http://qtv.soshane.com/ko.php?url="
        },
        
        {
            "name": "超清接口1_0",
            "url": "http://www.52jiexi.com/tong.php?url="
        },
        {
            "name": "超清接口1_1",
            "url": "http://www.52jiexi.com/yun.php?url="
        },
        {
            "name": "线路一(乐乐视频解析)",
            "url": "http://www.662820.com/xnflv/index.php?url="
        },
        {
            "name":"1717ty",
            "url":"http://1717ty.duapp.com/jx/ty.php?url="
        },
        {
            "name": "万能接口4",
            "url": "https://api.daidaitv.com/index/?url="
        },
        {
            "name": "5月-5",
            "url": "http://www.ckplayer.tv/kuku/?url="
        },
        {
            "name": "5月-13",
            "url": "http://jx.reclose.cn/jx.php/?url="
        },
        {
            "name": "9月-4",
            "url": "http://jx.du2.cc/?url="
        },
        {
            "name": "4.21-2",
            "url": "http://qtv.soshane.com/ko.php?url="
        }
        ,
        {
            "name": "9月-3",
            "url": "http://jx.du2.cc/jx6.php?url="
        },
        {
            "name": "5月-8",
            "url": "http://api.visaok.net/?url="
        },
        {
            "name": "5月-9",
            "url": "http://api.xyingyu.com/?url="
        },
        {
            "name": "5月-10",
            "url": "http://api.greatchina56.com/?url="
        },
        {
            "name": "5月-11",
            "url": "http://jx.618g.com/?url="
        },
        {
            "name": "5月-12",
            "url": "http://api.baiyug.vip/index.php?url="
        },
        {
            "name": "超清接口2",
            "url": "http://jiexi.92fz.cn/player/vip.php?url="
        },
        {
            "name": "线路五",
            "url": "http://aikan-tv.com/?url="
        },
        {
            "name": "表哥解析",
            "url": "http://jx.biaoge.tv/index.php?url="
        },
        {
            "name": "5月-2",
            "url": "http://jiexi.92fz.cn/player/vip.php?url="
        },
        {
            "name": "5月-19",
            "url": "http://yun.baiyug.cn/vip/?url="
        },
        {
            "name": "5月-22",
            "url": "http://www.82190555.com/index/qqvod.php?url="
        },
        {
            "name": "5月-7",
            "url": "http://www.aktv.men/?url="
        },
        {
            "name":"8",
            "url":"http://tv.x-99.cn/api/wnapi.php?id="
        },
        {
            "name": "5月-3",
            "url": "http://api.wlzhan.com/sudu/?url="
        },
        {
            "name":"高端解析",
            "url" :"http://jx.vgoodapi.com/jx.php?url="
        },
        {
            "name": "腾讯可用，线路三(云解析)",
            "url": "http://jiexi.92fz.cn/player/vip.php?url="
        },
        {
            "name": "线路四",
            "url": "http://api.nepian.com/ckparse/?url="
        }
    ]
}

